"http://54.186.32.195/css/socialmotives.css","","http://54.186.32.195/css/ratchet.css","","http://54.186.32.195/css/pageslider.css","","http://54.186.32.195/css/styles.css","","http://fonts.googleapis.com/css?family=Ubuntu","","http://54.186.32.195/#stylesheet(style[5])","","http://54.186.32.195/#stylesheet(style[4])","","http://54.186.32.195/css/vader/jquery-ui-1.10.0.custom.css","","http://54.186.32.195/#stylesheet(style[0])","","http://54.186.32.195/#stylesheet(style[6])","","http://fonts.googleapis.com/css?family=Roboto:300,400,500,700","","http://54.186.32.195/#stylesheet(style[2])","","http://54.186.32.195/#stylesheet(style[3])","","http://54.186.32.195/#stylesheet(style[9])","","http://54.186.32.195/swipe/style.css","","http://54.186.32.195/#stylesheet(style[8])","","https://google-developers.appspot.com/maps/documentation/javascript/examples/default.css","","http://54.186.32.195/#stylesheet(style[1])","","https://fonts.googleapis.com/css?family=Roboto:300,400,500,700","","http://54.186.32.195/#stylesheet(style[10])","","http://54.186.32.195/index.html#stylesheet(style[5])","","http://54.186.32.195/css/normalize.css","","http://54.186.32.195/index.html#stylesheet(style[7])","","http://54.186.32.195/index.html#stylesheet(style[4])","","http://54.186.32.195/index.html#stylesheet(style[9])","","http://54.186.32.195/profile-private-publicview.html#stylesheet(style[0])","","http://54.186.32.195/index.html#stylesheet(style[0])","","http://54.186.32.195/index.html#stylesheet(style[6])","","http://54.186.32.195/index.html#stylesheet(style[2])","","http://54.186.32.195/index.html#stylesheet(style[3])",""
"168 used selectors","","47 used selectors","","17 used selectors","","5 used selectors","","No used selectors","","21 used selectors","","2 used selectors","","No used selectors","","1 used selector","","26 used selectors","","No used selectors","","1 used selector","","No used selectors","","12 used selectors","","5 used selectors","","9 used selectors","","3 used selectors","","No used selectors","","No used selectors","","25 used selectors","","9 used selectors","","17 used selectors","","3 used selectors","","3 used selectors","","15 used selectors","","3 used selectors","","2 used selectors","","12 used selectors","","4 used selectors","","1 used selector",""
,,,,,,,,,,,,,,,,,,,,,,,,,,,,,,,,,,,,,,,,,,,,,,,,,,,,,,,,,,,
#radar2,8,html,12,#container,1,*,1,,,#loading,10,.pac-container,1,,,.pac-container:after,1,#page,15,,,.gm-style,1,,,#page,15,html,1,.infobox-wrapper,10,html,1,,,,,.infobox-wrapper,10,[class*="button"],31,html,39,#loading,25,#loading,10,#page,15,#loading,16,.gm-style .gm-style-cc span,1,#page,15,.gm-style .gmnoprint,1,.gm-style,1
#radar2.glow,23,body,12,.page,8,input,5,,,#loading img,23,.pac-container:after,1,,,,,#home,22,,,,,,,#home,22,body,1,#loading,20,body,1,,,,,#loading,20,[class*="button"]:active,53,html,45,#loading img,38,#loading img,23,#home,22,#loading img,29,.gm-style .gm-style-cc a,1,#home,22,.gmnoprint,1,,
#radar,36,div,12,.page.center,23,textarea,5,,,#loaderImage,29,,,,,,,.content-padded,39,,,,,,,.content-padded,39,body,2,#loading img,32,#map-canvas,1,,,,,#loading img,32,#login .clicklogin,62,input,45,#loaderImage,44,#loaderImage,29,.content-padded,39,#loaderImage,35,,,.content-padded,39,.gm-style .gmnoscreen,1,,
#radar.glow,51,span,12,div.spinner,39,a,9,,,html,44,,,,,,,.content,43,,,,,,,.content,43,#wrapper,26,#loaderImage,38,,,,,,,#loaderImage,38,#login .clicksignup,62,body,53,,,,,.content,43,,,,,.content,43,.gmnoscreen,1,,
a,74,h1,12,div.spinner div,51,.content,17,,,#login .clicksignup,88,,,,,,,.infobox-wrapper,48,,,,,,,.infobox-wrapper,48,#swipeview-slider > div,80,#footer,44,,,,,,,#footer,44,#login .clicksignup,88,h1,66,,,,,.infobox-wrapper,48,,,,,.infobox-wrapper,48,,,,
body,78,h2,12,div.spinner div.bar1,64,,,,,#loading,16,,,,,,,#footer,82,,,,,,,#footer,82,,,#infobox,50,,,,,,,#infobox,50,strong,124,img,250,,,,,#footer,82,,,,,#footer,82,,,,
html,78,p,12,div.spinner div.bar2,69,,,,,input,28,,,,,,,#infobox,88,,,,,,,#infobox,88,,,#tabs,66,,,,,,,#tabs,66,p,138,input,318,,,,,#infobox,88,,,,,#infobox,88,,,,
#page,78,a,12,div.spinner div.bar3,74,,,,,html,33,,,,,,,#tabs,104,,,,,,,#tabs,104,,,#radar,75,,,,,,,#radar,75,div.Section1,164,input,332,,,,,#tabs,104,,,,,#tabs,104,,,,
#home,78,img,12,div.spinner div.bar4,79,,,,,body,33,,,,,,,#radar,113,,,,,,,#radar,113,,,#radar2,79,,,,,,,#radar2,79,ul,442,input::-moz-focus-inner,403,,,,,#radar,113,,,,,#radar,113,,,,
#home,79,b,12,div.spinner div.bar5,84,,,,,#loading img,43,,,,,,,#radar2,117,,,,,,,#radar2,117,,,,,,,,,,,#loading,16,,,*,438,,,,,#radar2,117,,,,,#radar2,117,,,,
html,88,center,12,div.spinner div.bar6,89,,,,,#loaderImage,49,,,,,,,#gmap,130,,,,,,,#gmap,130,,,,,,,,,,,input,28,,,html,444,,,,,#gmap,130,,,,,#gmap,130,,,,
.pagewidth,89,ul,12,div.spinner div.bar7,94,,,,,#map-canvas,55,,,,,,,#container,134,,,,,,,#container,134,,,,,,,,,,,html,33,,,body,444,,,,,#container,134,,,,,#container,134,,,,
#pagebg,92,li,12,div.spinner div.bar8,99,,,,,html,63,,,,,,,html,33,,,,,,,,,,,,,,,,,,,body,33,,,div,444,,,,,#gmap div.gmnoprint[title="I might be here"],165,,,,,,,,,,
html,106,form,12,div.spinner div.bar9,104,,,,,body,63,,,,,,,body,33,,,,,,,,,,,,,,,,,,,#loading img,43,,,h1,444,,,,,#gmap div.gmnoprint[title="I might be here"] img,179,,,,,,,,,,
body,106,label,12,div.spinner div.bar10,109,,,,,#map-canvas,67,,,,,,,#loading img,43,,,,,,,,,,,,,,,,,,,#loaderImage,49,,,img,444,,,,,#gmap div.gmnoprint[title="I might be here"],183,,,,,,,,,,
button,106,table,12,div.spinner div.bar11,114,,,,,#panel,72,,,,,,,#loaderImage,49,,,,,,,,,,,,,,,,,,,#map-canvas,55,,,center,444,,,,,,,,,,,,,,,,
input,106,tbody,12,div.spinner div.bar12,119,,,,,input,82,,,,,,,#map-canvas,55,,,,,,,,,,,,,,,,,,,html,63,,,body,469,,,,,,,,,,,,,,,,
select,106,tr,12,,,,,,,html,90,,,,,,,html,63,,,,,,,,,,,,,,,,,,,body,63,,,,,,,,,,,,,,,,,,,,
textarea,106,td,12,,,,,,,body,90,,,,,,,body,63,,,,,,,,,,,,,,,,,,,#map-canvas,67,,,,,,,,,,,,,,,,,,,,
.width100pct,113,figure,12,,,,,,,input,90,,,,,,,#map-canvas,67,,,,,,,,,,,,,,,,,,,#panel,72,,,,,,,,,,,,,,,,,,,,
.font_PNbold,116,header,12,,,,,,,.cbox,95,,,,,,,#panel,72,,,,,,,,,,,,,,,,,,,input,82,,,,,,,,,,,,,,,,,,,,
input,119,html,95,,,,,,,,,,,,,,,input,82,,,,,,,,,,,,,,,,,,,html,90,,,,,,,,,,,,,,,,,,,,
select,119,body,103,,,,,,,,,,,,,,,html,90,,,,,,,,,,,,,,,,,,,body,90,,,,,,,,,,,,,,,,,,,,
textarea,119,a,115,,,,,,,,,,,,,,,body,90,,,,,,,,,,,,,,,,,,,input,90,,,,,,,,,,,,,,,,,,,,
select,128,.content,122,,,,,,,,,,,,,,,input,90,,,,,,,,,,,,,,,,,,,.cbox,95,,,,,,,,,,,,,,,,,,,,
#nav_hdr,134,.content > *,141,,,,,,,,,,,,,,,.cbox,95,,,,,,,,,,,,,,,,,,,,,,,,,,,,,,,,,,,,,,,,
.hdr_back,142,.content-padded,147,,,,,,,,,,,,,,,,,,,,,,,,,,,,,,,,,,,,,,,,,,,,,,,,,,,,,,,,
#hdr_title,154,.bar-title ~ .content,153,,,,,,,,,,,,,,,,,,,,,,,,,,,,,,,,,,,,,,,,,,,,,,,,,,,,,,,,
#hdr_title2,156,[class*="bar-"],164,,,,,,,,,,,,,,,,,,,,,,,,,,,,,,,,,,,,,,,,,,,,,,,,,,,,,,,,
#tabs,157,.bar-title,204,,,,,,,,,,,,,,,,,,,,,,,,,,,,,,,,,,,,,,,,,,,,,,,,,,,,,,,,
#top_menu,163,.bar-title .title,218,,,,,,,,,,,,,,,,,,,,,,,,,,,,,,,,,,,,,,,,,,,,,,,,,,,,,,,,
#top_menu li,169,input,610,,,,,,,,,,,,,,,,,,,,,,,,,,,,,,,,,,,,,,,,,,,,,,,,,,,,,,,,
#top_menu li:first-of-type,184,textarea,610,,,,,,,,,,,,,,,,,,,,,,,,,,,,,,,,,,,,,,,,,,,,,,,,,,,,,,,,
#top_menu li:last-of-type,185,button,610,,,,,,,,,,,,,,,,,,,,,,,,,,,,,,,,,,,,,,,,,,,,,,,,,,,,,,,,
#top_menu li#tm_mkr,188,select,610,,,,,,,,,,,,,,,,,,,,,,,,,,,,,,,,,,,,,,,,,,,,,,,,,,,,,,,,
#top_menu li#tm_mkr:after,204,select,619,,,,,,,,,,,,,,,,,,,,,,,,,,,,,,,,,,,,,,,,,,,,,,,,,,,,,,,,
#top_menu li:hover,215,textarea,619,,,,,,,,,,,,,,,,,,,,,,,,,,,,,,,,,,,,,,,,,,,,,,,,,,,,,,,,
#top_menu li.active,219,input[type="text"],619,,,,,,,,,,,,,,,,,,,,,,,,,,,,,,,,,,,,,,,,,,,,,,,,,,,,,,,,
#top_menu li.active:after,225,input[type="password"],619,,,,,,,,,,,,,,,,,,,,,,,,,,,,,,,,,,,,,,,,,,,,,,,,,,,,,,,,
.cbox,235,input[type="email"],619,,,,,,,,,,,,,,,,,,,,,,,,,,,,,,,,,,,,,,,,,,,,,,,,,,,,,,,,
.lineshdw,245,textarea,656,,,,,,,,,,,,,,,,,,,,,,,,,,,,,,,,,,,,,,,,,,,,,,,,,,,,,,,,
.cbox input,255,select,661,,,,,,,,,,,,,,,,,,,,,,,,,,,,,,,,,,,,,,,,,,,,,,,,,,,,,,,,
.cbox select,267,.button-main,775,,,,,,,,,,,,,,,,,,,,,,,,,,,,,,,,,,,,,,,,,,,,,,,,,,,,,,,,
.cbox_tbl,279,.button-main:active,799,,,,,,,,,,,,,,,,,,,,,,,,,,,,,,,,,,,,,,,,,,,,,,,,,,,,,,,,
.cbox_tbl tr td,282,.button-main:active,804,,,,,,,,,,,,,,,,,,,,,,,,,,,,,,,,,,,,,,,,,,,,,,,,,,,,,,,,
.cbox_tbl tr td:first-of-type,288,.button-block,815,,,,,,,,,,,,,,,,,,,,,,,,,,,,,,,,,,,,,,,,,,,,,,,,,,,,,,,,
.redbtn,292,.button-block:active,823,,,,,,,,,,,,,,,,,,,,,,,,,,,,,,,,,,,,,,,,,,,,,,,,,,,,,,,,
.cbox_title,297,,,,,,,,,,,,,,,,,,,,,,,,,,,,,,,,,,,,,,,,,,,,,,,,,,,,,,,,,,
.cnt_clr,309,,,,,,,,,,,,,,,,,,,,,,,,,,,,,,,,,,,,,,,,,,,,,,,,,,,,,,,,,,
.hdr_icon_account,317,,,,,,,,,,,,,,,,,,,,,,,,,,,,,,,,,,,,,,,,,,,,,,,,,,,,,,,,,,
.hdr_icon_location,317,,,,,,,,,,,,,,,,,,,,,,,,,,,,,,,,,,,,,,,,,,,,,,,,,,,,,,,,,,
.leavethisentry,317,,,,,,,,,,,,,,,,,,,,,,,,,,,,,,,,,,,,,,,,,,,,,,,,,,,,,,,,,,
.hdr_icon_location,326,,,,,,,,,,,,,,,,,,,,,,,,,,,,,,,,,,,,,,,,,,,,,,,,,,,,,,,,,,
.cbox_tbl.reg1 tr td:first-of-type,332,,,,,,,,,,,,,,,,,,,,,,,,,,,,,,,,,,,,,,,,,,,,,,,,,,,,,,,,,,
.cbox_tbl.reg2 tr td:first-of-type,333,,,,,,,,,,,,,,,,,,,,,,,,,,,,,,,,,,,,,,,,,,,,,,,,,,,,,,,,,,
#login,343,,,,,,,,,,,,,,,,,,,,,,,,,,,,,,,,,,,,,,,,,,,,,,,,,,,,,,,,,,
.logo_main,349,,,,,,,,,,,,,,,,,,,,,,,,,,,,,,,,,,,,,,,,,,,,,,,,,,,,,,,,,,
#login .fldstyle,356,,,,,,,,,,,,,,,,,,,,,,,,,,,,,,,,,,,,,,,,,,,,,,,,,,,,,,,,,,
#login input,378,,,,,,,,,,,,,,,,,,,,,,,,,,,,,,,,,,,,,,,,,,,,,,,,,,,,,,,,,,
#login .loginbtn,395,,,,,,,,,,,,,,,,,,,,,,,,,,,,,,,,,,,,,,,,,,,,,,,,,,,,,,,,,,
#login .clicklogin,405,,,,,,,,,,,,,,,,,,,,,,,,,,,,,,,,,,,,,,,,,,,,,,,,,,,,,,,,,,
#login .clicksignup,405,,,,,,,,,,,,,,,,,,,,,,,,,,,,,,,,,,,,,,,,,,,,,,,,,,,,,,,,,,
.redbtn,405,,,,,,,,,,,,,,,,,,,,,,,,,,,,,,,,,,,,,,,,,,,,,,,,,,,,,,,,,,
.bluebtn,405,,,,,,,,,,,,,,,,,,,,,,,,,,,,,,,,,,,,,,,,,,,,,,,,,,,,,,,,,,
.dontchangethisline,405,,,,,,,,,,,,,,,,,,,,,,,,,,,,,,,,,,,,,,,,,,,,,,,,,,,,,,,,,,
#login .clicksignup,432,,,,,,,,,,,,,,,,,,,,,,,,,,,,,,,,,,,,,,,,,,,,,,,,,,,,,,,,,,
.home_top,458,,,,,,,,,,,,,,,,,,,,,,,,,,,,,,,,,,,,,,,,,,,,,,,,,,,,,,,,,,
.home_top tr td,459,,,,,,,,,,,,,,,,,,,,,,,,,,,,,,,,,,,,,,,,,,,,,,,,,,,,,,,,,,
.home_top tr td:last-of-type,460,,,,,,,,,,,,,,,,,,,,,,,,,,,,,,,,,,,,,,,,,,,,,,,,,,,,,,,,,,
.home_top tr td.full,465,,,,,,,,,,,,,,,,,,,,,,,,,,,,,,,,,,,,,,,,,,,,,,,,,,,,,,,,,,
.home_stats_num tr td,467,,,,,,,,,,,,,,,,,,,,,,,,,,,,,,,,,,,,,,,,,,,,,,,,,,,,,,,,,,
.home_stats_num tr td:last-of-type,468,,,,,,,,,,,,,,,,,,,,,,,,,,,,,,,,,,,,,,,,,,,,,,,,,,,,,,,,,,
.home_stats_num tr:last-of-type td,474,,,,,,,,,,,,,,,,,,,,,,,,,,,,,,,,,,,,,,,,,,,,,,,,,,,,,,,,,,
.home_btn,476,,,,,,,,,,,,,,,,,,,,,,,,,,,,,,,,,,,,,,,,,,,,,,,,,,,,,,,,,,
.home_btn:hover,502,,,,,,,,,,,,,,,,,,,,,,,,,,,,,,,,,,,,,,,,,,,,,,,,,,,,,,,,,,
.home_btn.msg,504,,,,,,,,,,,,,,,,,,,,,,,,,,,,,,,,,,,,,,,,,,,,,,,,,,,,,,,,,,
.home_btn.set,505,,,,,,,,,,,,,,,,,,,,,,,,,,,,,,,,,,,,,,,,,,,,,,,,,,,,,,,,,,
.home_btn.help,506,,,,,,,,,,,,,,,,,,,,,,,,,,,,,,,,,,,,,,,,,,,,,,,,,,,,,,,,,,
.home_btn.blk,507,,,,,,,,,,,,,,,,,,,,,,,,,,,,,,,,,,,,,,,,,,,,,,,,,,,,,,,,,,
.home_btn.search,508,,,,,,,,,,,,,,,,,,,,,,,,,,,,,,,,,,,,,,,,,,,,,,,,,,,,,,,,,,
.bubble:after,509,,,,,,,,,,,,,,,,,,,,,,,,,,,,,,,,,,,,,,,,,,,,,,,,,,,,,,,,,,
.bubble2:after,530,,,,,,,,,,,,,,,,,,,,,,,,,,,,,,,,,,,,,,,,,,,,,,,,,,,,,,,,,,
.bubble3:after,550,,,,,,,,,,,,,,,,,,,,,,,,,,,,,,,,,,,,,,,,,,,,,,,,,,,,,,,,,,
.bubble4:after,569,,,,,,,,,,,,,,,,,,,,,,,,,,,,,,,,,,,,,,,,,,,,,,,,,,,,,,,,,,
.button_series,592,,,,,,,,,,,,,,,,,,,,,,,,,,,,,,,,,,,,,,,,,,,,,,,,,,,,,,,,,,
.button_series tr td,614,,,,,,,,,,,,,,,,,,,,,,,,,,,,,,,,,,,,,,,,,,,,,,,,,,,,,,,,,,
.button_series tr td:hover,621,,,,,,,,,,,,,,,,,,,,,,,,,,,,,,,,,,,,,,,,,,,,,,,,,,,,,,,,,,
.button_series tr td.active:first-of-type,623,,,,,,,,,,,,,,,,,,,,,,,,,,,,,,,,,,,,,,,,,,,,,,,,,,,,,,,,,,
.button_series tr td.active,626,,,,,,,,,,,,,,,,,,,,,,,,,,,,,,,,,,,,,,,,,,,,,,,,,,,,,,,,,,
.button_series tr td:last-of-type,639,,,,,,,,,,,,,,,,,,,,,,,,,,,,,,,,,,,,,,,,,,,,,,,,,,,,,,,,,,
.button_series tr td:first-of-type,643,,,,,,,,,,,,,,,,,,,,,,,,,,,,,,,,,,,,,,,,,,,,,,,,,,,,,,,,,,
.button_series tr td .off,645,,,,,,,,,,,,,,,,,,,,,,,,,,,,,,,,,,,,,,,,,,,,,,,,,,,,,,,,,,
.pro_pub_top,673,,,,,,,,,,,,,,,,,,,,,,,,,,,,,,,,,,,,,,,,,,,,,,,,,,,,,,,,,,
.pro_pub_top tr td:first-of-type,675,,,,,,,,,,,,,,,,,,,,,,,,,,,,,,,,,,,,,,,,,,,,,,,,,,,,,,,,,,
.pro_pub_top tr td:last-of-type,679,,,,,,,,,,,,,,,,,,,,,,,,,,,,,,,,,,,,,,,,,,,,,,,,,,,,,,,,,,
.pro_pub_locations,692,,,,,,,,,,,,,,,,,,,,,,,,,,,,,,,,,,,,,,,,,,,,,,,,,,,,,,,,,,
.pro_pub_locations tr td,693,,,,,,,,,,,,,,,,,,,,,,,,,,,,,,,,,,,,,,,,,,,,,,,,,,,,,,,,,,
.pro_pub_locations tr td:first-of-type,695,,,,,,,,,,,,,,,,,,,,,,,,,,,,,,,,,,,,,,,,,,,,,,,,,,,,,,,,,,
.pro_pub_locations tr td:last-of-type,701,,,,,,,,,,,,,,,,,,,,,,,,,,,,,,,,,,,,,,,,,,,,,,,,,,,,,,,,,,
.pro_browse_buttons,710,,,,,,,,,,,,,,,,,,,,,,,,,,,,,,,,,,,,,,,,,,,,,,,,,,,,,,,,,,
.pro_browse_buttons tr td.spacer,715,,,,,,,,,,,,,,,,,,,,,,,,,,,,,,,,,,,,,,,,,,,,,,,,,,,,,,,,,,
.pro_browse_buttons tr td div.button,717,,,,,,,,,,,,,,,,,,,,,,,,,,,,,,,,,,,,,,,,,,,,,,,,,,,,,,,,,,
.pro_browse_buttons tr td div.button.cnct,732,,,,,,,,,,,,,,,,,,,,,,,,,,,,,,,,,,,,,,,,,,,,,,,,,,,,,,,,,,
.pro_browse_buttons tr td div.button.map,734,,,,,,,,,,,,,,,,,,,,,,,,,,,,,,,,,,,,,,,,,,,,,,,,,,,,,,,,,,
.pro_browse_buttons tr td div.button.block,735,,,,,,,,,,,,,,,,,,,,,,,,,,,,,,,,,,,,,,,,,,,,,,,,,,,,,,,,,,
.pro_browse_buttons tr td div.button:after,737,,,,,,,,,,,,,,,,,,,,,,,,,,,,,,,,,,,,,,,,,,,,,,,,,,,,,,,,,,
.pro_browse_buttons tr td div.button.cnct:after,749,,,,,,,,,,,,,,,,,,,,,,,,,,,,,,,,,,,,,,,,,,,,,,,,,,,,,,,,,,
.pro_browse_buttons tr td div.button.map:after,751,,,,,,,,,,,,,,,,,,,,,,,,,,,,,,,,,,,,,,,,,,,,,,,,,,,,,,,,,,
.pro_browse_buttons tr td div.button.block:after,752,,,,,,,,,,,,,,,,,,,,,,,,,,,,,,,,,,,,,,,,,,,,,,,,,,,,,,,,,,
.pro_browse_motive,757,,,,,,,,,,,,,,,,,,,,,,,,,,,,,,,,,,,,,,,,,,,,,,,,,,,,,,,,,,
.pro_browse_motive tr td,759,,,,,,,,,,,,,,,,,,,,,,,,,,,,,,,,,,,,,,,,,,,,,,,,,,,,,,,,,,
.pro_browse_motive tr td.motive,760,,,,,,,,,,,,,,,,,,,,,,,,,,,,,,,,,,,,,,,,,,,,,,,,,,,,,,,,,,
.pro_browse_motive tr td div.motive_paper,764,,,,,,,,,,,,,,,,,,,,,,,,,,,,,,,,,,,,,,,,,,,,,,,,,,,,,,,,,,
.pro_browse_motive tr td div.motive_paper p,777,,,,,,,,,,,,,,,,,,,,,,,,,,,,,,,,,,,,,,,,,,,,,,,,,,,,,,,,,,
.pro_browse_motive tr td.photo,780,,,,,,,,,,,,,,,,,,,,,,,,,,,,,,,,,,,,,,,,,,,,,,,,,,,,,,,,,,
.pro_browse_photo_box,785,,,,,,,,,,,,,,,,,,,,,,,,,,,,,,,,,,,,,,,,,,,,,,,,,,,,,,,,,,
.pro_browse_photo_box:after,797,,,,,,,,,,,,,,,,,,,,,,,,,,,,,,,,,,,,,,,,,,,,,,,,,,,,,,,,,,
.pro_browse_photo,809,,,,,,,,,,,,,,,,,,,,,,,,,,,,,,,,,,,,,,,,,,,,,,,,,,,,,,,,,,
.pro_browse_photo.private:after,850,,,,,,,,,,,,,,,,,,,,,,,,,,,,,,,,,,,,,,,,,,,,,,,,,,,,,,,,,,
.pro_browse_photo img,861,,,,,,,,,,,,,,,,,,,,,,,,,,,,,,,,,,,,,,,,,,,,,,,,,,,,,,,,,,
#slidercont,871,,,,,,,,,,,,,,,,,,,,,,,,,,,,,,,,,,,,,,,,,,,,,,,,,,,,,,,,,,
#slidercont:before,878,,,,,,,,,,,,,,,,,,,,,,,,,,,,,,,,,,,,,,,,,,,,,,,,,,,,,,,,,,
#slidercont #sliderbutton,894,,,,,,,,,,,,,,,,,,,,,,,,,,,,,,,,,,,,,,,,,,,,,,,,,,,,,,,,,,
#slidercont #slidertext.cbox_title,909,,,,,,,,,,,,,,,,,,,,,,,,,,,,,,,,,,,,,,,,,,,,,,,,,,,,,,,,,,
.pro_priv_top,927,,,,,,,,,,,,,,,,,,,,,,,,,,,,,,,,,,,,,,,,,,,,,,,,,,,,,,,,,,
.pro_priv_top tr td,929,,,,,,,,,,,,,,,,,,,,,,,,,,,,,,,,,,,,,,,,,,,,,,,,,,,,,,,,,,
.pro_priv_top tr td:first-of-type,936,,,,,,,,,,,,,,,,,,,,,,,,,,,,,,,,,,,,,,,,,,,,,,,,,,,,,,,,,,
.pro_priv_top tr td:last-of-type,941,,,,,,,,,,,,,,,,,,,,,,,,,,,,,,,,,,,,,,,,,,,,,,,,,,,,,,,,,,
.pro_priv_top tr td input,946,,,,,,,,,,,,,,,,,,,,,,,,,,,,,,,,,,,,,,,,,,,,,,,,,,,,,,,,,,
.pro_priv_top tr td select,946,,,,,,,,,,,,,,,,,,,,,,,,,,,,,,,,,,,,,,,,,,,,,,,,,,,,,,,,,,
.pro_priv_top tr td button,952,,,,,,,,,,,,,,,,,,,,,,,,,,,,,,,,,,,,,,,,,,,,,,,,,,,,,,,,,,
.pro_priv_top.editacnt tr td .pro_priv_validate_check,994,,,,,,,,,,,,,,,,,,,,,,,,,,,,,,,,,,,,,,,,,,,,,,,,,,,,,,,,,,
.pro_priv_top.editacnt tr td:first-of-type,1004,,,,,,,,,,,,,,,,,,,,,,,,,,,,,,,,,,,,,,,,,,,,,,,,,,,,,,,,,,
.pro_priv_top.editacnt tr td:last-of-type,1007,,,,,,,,,,,,,,,,,,,,,,,,,,,,,,,,,,,,,,,,,,,,,,,,,,,,,,,,,,
.pro_pub_locations.private,1013,,,,,,,,,,,,,,,,,,,,,,,,,,,,,,,,,,,,,,,,,,,,,,,,,,,,,,,,,,
.pro_pub_locations.private tr td,1014,,,,,,,,,,,,,,,,,,,,,,,,,,,,,,,,,,,,,,,,,,,,,,,,,,,,,,,,,,
.pro_pub_locations.private tr td:first-of-type,1016,,,,,,,,,,,,,,,,,,,,,,,,,,,,,,,,,,,,,,,,,,,,,,,,,,,,,,,,,,
.pro_pub_locations.private tr td:last-of-type,1022,,,,,,,,,,,,,,,,,,,,,,,,,,,,,,,,,,,,,,,,,,,,,,,,,,,,,,,,,,
.pro_pub_locations.private tr td button,1027,,,,,,,,,,,,,,,,,,,,,,,,,,,,,,,,,,,,,,,,,,,,,,,,,,,,,,,,,,
#searchfield,1058,,,,,,,,,,,,,,,,,,,,,,,,,,,,,,,,,,,,,,,,,,,,,,,,,,,,,,,,,,
#searchfield input,1060,,,,,,,,,,,,,,,,,,,,,,,,,,,,,,,,,,,,,,,,,,,,,,,,,,,,,,,,,,
#searchfield #clearfield,1066,,,,,,,,,,,,,,,,,,,,,,,,,,,,,,,,,,,,,,,,,,,,,,,,,,,,,,,,,,
.bluebtn,1077,,,,,,,,,,,,,,,,,,,,,,,,,,,,,,,,,,,,,,,,,,,,,,,,,,,,,,,,,,
.sr_item,1092,,,,,,,,,,,,,,,,,,,,,,,,,,,,,,,,,,,,,,,,,,,,,,,,,,,,,,,,,,
.sr_title,1103,,,,,,,,,,,,,,,,,,,,,,,,,,,,,,,,,,,,,,,,,,,,,,,,,,,,,,,,,,
.sr_item figure,1105,,,,,,,,,,,,,,,,,,,,,,,,,,,,,,,,,,,,,,,,,,,,,,,,,,,,,,,,,,
.sr_item figure.p1,1117,,,,,,,,,,,,,,,,,,,,,,,,,,,,,,,,,,,,,,,,,,,,,,,,,,,,,,,,,,
#infobox table tr td,1123,,,,,,,,,,,,,,,,,,,,,,,,,,,,,,,,,,,,,,,,,,,,,,,,,,,,,,,,,,
#infobox .sr_item,1127,,,,,,,,,,,,,,,,,,,,,,,,,,,,,,,,,,,,,,,,,,,,,,,,,,,,,,,,,,
#infobox .sr_item figure,1134,,,,,,,,,,,,,,,,,,,,,,,,,,,,,,,,,,,,,,,,,,,,,,,,,,,,,,,,,,
#infoname,1148,,,,,,,,,,,,,,,,,,,,,,,,,,,,,,,,,,,,,,,,,,,,,,,,,,,,,,,,,,
#infomot,1152,,,,,,,,,,,,,,,,,,,,,,,,,,,,,,,,,,,,,,,,,,,,,,,,,,,,,,,,,,
.msgbox,1166,,,,,,,,,,,,,,,,,,,,,,,,,,,,,,,,,,,,,,,,,,,,,,,,,,,,,,,,,,
.lineshdw.msgboxsize,1175,,,,,,,,,,,,,,,,,,,,,,,,,,,,,,,,,,,,,,,,,,,,,,,,,,,,,,,,,,
.cancelmsg,1179,,,,,,,,,,,,,,,,,,,,,,,,,,,,,,,,,,,,,,,,,,,,,,,,,,,,,,,,,,
.msgbox table,1190,,,,,,,,,,,,,,,,,,,,,,,,,,,,,,,,,,,,,,,,,,,,,,,,,,,,,,,,,,
.msgbox table tr td:last-of-type,1191,,,,,,,,,,,,,,,,,,,,,,,,,,,,,,,,,,,,,,,,,,,,,,,,,,,,,,,,,,
.msgbox input,1193,,,,,,,,,,,,,,,,,,,,,,,,,,,,,,,,,,,,,,,,,,,,,,,,,,,,,,,,,,
.msgbox textarea,1193,,,,,,,,,,,,,,,,,,,,,,,,,,,,,,,,,,,,,,,,,,,,,,,,,,,,,,,,,,
.msgbox textarea,1199,,,,,,,,,,,,,,,,,,,,,,,,,,,,,,,,,,,,,,,,,,,,,,,,,,,,,,,,,,
.sr_item .msg_preview_line,1201,,,,,,,,,,,,,,,,,,,,,,,,,,,,,,,,,,,,,,,,,,,,,,,,,,,,,,,,,,
.sr_item .msg_preview_date,1208,,,,,,,,,,,,,,,,,,,,,,,,,,,,,,,,,,,,,,,,,,,,,,,,,,,,,,,,,,
.txtalnR,1253,,,,,,,,,,,,,,,,,,,,,,,,,,,,,,,,,,,,,,,,,,,,,,,,,,,,,,,,,,
.hr_line,1260,,,,,,,,,,,,,,,,,,,,,,,,,,,,,,,,,,,,,,,,,,,,,,,,,,,,,,,,,,
.h1px,1268,,,,,,,,,,,,,,,,,,,,,,,,,,,,,,,,,,,,,,,,,,,,,,,,,,,,,,,,,,
.allcaps,1270,,,,,,,,,,,,,,,,,,,,,,,,,,,,,,,,,,,,,,,,,,,,,,,,,,,,,,,,,,
.tshdw-dr,1271,,,,,,,,,,,,,,,,,,,,,,,,,,,,,,,,,,,,,,,,,,,,,,,,,,,,,,,,,,
.black,1277,,,,,,,,,,,,,,,,,,,,,,,,,,,,,,,,,,,,,,,,,,,,,,,,,,,,,,,,,,
